"ID",Name,Address,Featured image,Bing Maps URL,Latitude,Longitude,Rating,Rating Info,Category,Open Hours,Website,Phone,Emails,Social Medias,Facebook,Instagram,Twitter
ypid:YN6BDFF50580E47C90,"Sunnyside Auto Repair, General Auto Repair, Auto Body Shop","4533 37th St, Long Island City, NY 11101",https://www.bing.com/th?id=OLC.FUaRNAmh52QZqQ480x360&pid=Local,https://www.bing.com/maps?cp=40.742977142333984%7E-73.92790985107422&lvl=16.0&q=Sunnyside%20Auto%20Repair%2C%20General%20Auto%20Repair%2C%20Auto%20Body%20Shop%20%2C%204533%2037th%20St%2C%20Long%20Island%20City%2C%20NY%2011101,40.74297714,-73.92790985,4.5,Yelp (76),汽车维修,营业 · 歇业时间: 17:00,http://sunnysiderepairshop.com/,(917) 396-4908,sunnynam@sunny-app.co.kr,,,,
ypid:YN6C7BAE58CB6D8750,Malibu Auto Repair,"502 Coney Island Ave, Brooklyn, NY 11218",https://www.bing.com/th?id=OLC./sNcCsRuFnhWTQ480x360&pid=Local,https://www.bing.com/maps?cp=40.64556121826172%7E-73.97100830078125&lvl=16.0&q=Malibu%20Auto%20Repair%20%2C%20502%20Coney%20Island%20Ave%2C%20Brooklyn%2C%20NY%2011218,40.64556122,-73.9710083,4.5,Yelp (132),汽车维修,营业 · 歇业时间: 16:00,https://www.malibuny.com/,(718) 633-0030,"Malibu@MalibuNY.com,633-0030Malibu@MalibuNY.com,malibu@malibuny.com","https://www.yelp.com/biz/malibu-auto-repair-brooklyn?hrid=so7fcy7ywz-0qbwy6ovcug,https://www.facebook.com/rose.crichton/posts/10224637250385735",https://www.facebook.com/rose.crichton/posts/10224637250385735,,
ypid:YN6989EF4728AD25AA,Midtown Center Auto Repair & Body Shop | Long Island City,"4525 36th St, Long Island City, NY 11101",https://www.bing.com/th?id=OLC.Mz0mZnXZ+XrOWg480x360&pid=Local,https://www.bing.com/maps?cp=40.74325180053711%7E-73.9288101196289&lvl=16.0&q=Midtown%20Center%20Auto%20Repair%20%26%20Body%20Shop%20%7C%20Long%20Island%20City%20%2C%204525%2036th%20St%2C%20Long%20Island%20City%2C%20NY%2011101,40.7432518,-73.92881012,4,Yelp (77),汽车维修,营业 · 歇业时间: 20:00,https://midtowncenterautorepair.com/,(212) 629-1028,"info@midtowncenterautorepair.com,Webinfo@midtowncenterautorepair.com,midtowncenter@hotmail.com,Midtowncenter@hotmail.com,midtown@midtownbodyrepair.com","https://www.facebook.com/midtowncenterautorepair/,https://x.com/mcar_nyc,https://www.instagram.com/auto_repair_manhattan/,https://www.linkedin.com/company/midtown-center-auto-repair-&-body-shop",https://www.facebook.com/midtowncenterautorepair/,https://www.instagram.com/auto_repair_manhattan/,https://x.com/mcar_nyc
ypid:YN1042F046F9970B8B,Steinway Auto Repair,"2305 Steinway St, Astoria, NY 11105",https://www.bing.com/th?id=OLC.96iOIotVRdl73w480x360&pid=Local,https://www.bing.com/maps?cp=40.770755767822266%7E-73.90818786621094&lvl=16.0&q=Steinway%20Auto%20Repair%20%2C%202305%20Steinway%20St%2C%20Astoria%2C%20NY%2011105,40.77075577,-73.90818787,4.5,Yelp (111),汽车维修,歇业 · 营业时间: 明天 08:00,https://steinwayautorepairs.net/,(718) 545-6129,"tway@tway.co.kr,nefum@aol.com","https://www.facebook.com/steinway-auto-repairs-2077842305782121/,https://www.instagram.com/steinwayautorepairastoria/,https://www.youtube.com/@steinwayautorepair,https://www.yelp.com/biz/steinway-auto-repair-astoria?adjust_creative=microsoft&utm_campaign=yelp_feed&utm_medium=feed_v2&utm_source=microsoft",https://www.facebook.com/steinway-auto-repairs-2077842305782121/,https://www.instagram.com/steinwayautorepairastoria/,
ypid:YNA34B0CBC9C7F1617,Manhattan Auto Repair Inc.,"552 W 48th St, New York, NY 10036",https://www.bing.com/th?id=OLC.sCkJespZbv6UdA480x360&pid=Local,https://www.bing.com/maps?cp=40.76416015625%7E-73.99510955810547&lvl=16.0&q=Manhattan%20Auto%20Repair%20Inc.%20%2C%20552%20W%2048th%20St%2C%20New%20York%2C%20NY%2010036,40.76416016,-73.99510956,4.5,Yelp (59),汽车维修,歇业 · 营业时间: 明天 08:00,http://manhattanautoinc.com/,(212) 757-4366,"John.Smith@manhattanautoinc.com,manhattanauto11@gmail.com,Manhattanauto11@gmail.com",https://www.youtube.com/feed/history?utm_source=pp,,,
ypid:YNE726BE5B0144D52C,Chariot Auto Repair,"71 Coles St, Jersey City, NJ 07302",https://www.bing.com/th?id=OLC.RsaT1LRLp9xdJg480x360&pid=Local,https://www.bing.com/maps?cp=40.724510192871094%7E-74.04753112792969&lvl=16.0&q=Chariot%20Auto%20Repair%20%2C%2071%20Coles%20St%2C%20Jersey%20City%2C%20NJ%2007302,40.72451019,-74.04753113,4,Yelp (111),汽车维修,歇业 · 营业时间: 明天 09:00,https://www.autorepairjerseycity.com/,(201) 824-3352,help@mapquest.com,https://facebook.com/chariot-auto-repair,https://facebook.com/chariot-auto-repair,,
ypid:YN246B26D28F7FBFB4,Twin Towers Service Station,"1290 Anderson Ave, Fort Lee, NJ 07024",https://www.bing.com/th?id=OLC.L6TP+XE1ECZpDw480x360&pid=Local,https://www.bing.com/maps?cp=40.841827392578125%7E-73.98003387451172&lvl=16.0&q=Twin%20Towers%20Service%20Station%20%2C%201290%20Anderson%20Ave%2C%20Fort%20Lee%2C%20NJ%2007024,40.84182739,-73.98003387,2.5,Yelp (27),汽车维修,歇业 · 营业时间: 明天 08:00,https://twintowersservice.com/,(201) 224-8444,,"https://www.facebook.com/twintowersservicestationi/,https://www.instagram.com/twintowersfortlee/",https://www.facebook.com/twintowersservicestationi/,https://www.instagram.com/twintowersfortlee/,
ypid:YN37AF1A5F760334BF,L & B Auto Repair,"186 24th St, Brooklyn, NY 11232",https://www.bing.com/th?id=OLC.fJIFURrLTbOtNw480x360&pid=Local,https://www.bing.com/maps?cp=40.66178894042969%7E-73.99929809570312&lvl=16.0&q=L%20%26%20B%20Auto%20Repair%20%2C%20186%2024th%20St%2C%20Brooklyn%2C%20NY%2011232,40.66178894,-73.9992981,5,Yelp (156),汽车维修,歇业 · 营业时间: 明天 08:00,https://www.landbautorepair.com/,(718) 398-6228,"landbautorepair@gmail.com,dpo@thryv.com,ThryvPrivacy_au@thryv.com","https://www.yelp.com/biz/l-and-b-auto-repair-brooklyn,https://www.facebook.com/thryv,https://twitter.com/lbautorepair1,https://www.instagram.com/getthryv/,https://www.youtube.com/thryv,https://www.linkedin.com/company/thryvinc,https://www.tiktok.com/@getthryv",https://www.facebook.com/thryv,https://www.instagram.com/getthryv/,https://twitter.com/lbautorepair1
ypid:YN252E47EFADA1D1F8,Hybrid Auto Tech Inc,"519 W 47th St, New York, NY 10036",,https://www.bing.com/maps?cp=40.7634391784668%7E-73.99408721923828&lvl=16.0&q=Hybrid%20Auto%20Tech%20Inc%20%2C%20519%20W%2047th%20St%2C%20New%20York%2C%20NY%2010036,40.76343918,-73.99408722,5,Yelp (1),汽车维修,24 小时营业,https://hybrid-auto-tech-inc.slue.io/,(212) 582-8877,,https://facebook.com/ellenvilleautobody/,https://facebook.com/ellenvilleautobody/,,
ypid:YN4792121109611FA,Prestige Automotive,"547 W 133rd St, New York, NY 10027",https://www.bing.com/th?id=OLC.1qtYVnPBCifkOg480x360&pid=Local,https://www.bing.com/maps?cp=40.818603515625%7E-73.95499420166016&lvl=16.0&q=Prestige%20Automotive%20%2C%20547%20W%20133rd%20St%2C%20New%20York%2C%20NY%2010027,40.81860352,-73.9549942,4.5,Yelp (111),汽车维修,歇业 · 营业时间: 明天 08:00,http://prestigeautomotiveny.com/,(212) 283-3421,profiles@birdeye.com,"https://www.yelp.com/biz/prestige-automotive-new-york?start=20,https://www.facebook.com/permalink.php?story_fbid=10157992233528601&id=714433600,https://twitter.com/_prestige_auto_",https://www.facebook.com/permalink.php?story_fbid=10157992233528601&id=714433600,,https://twitter.com/_prestige_auto_
ypid:YNB4A3EFAC51AC21BF,Holy Land Auto Repair,"637 Union St, Brooklyn, NY 11215",https://www.bing.com/th?id=OLC.jwbs7tf/H3IVnA480x360&pid=Local,https://www.bing.com/maps?cp=40.67801284790039%7E-73.9840087890625&lvl=16.0&q=Holy%20Land%20Auto%20Repair%20%2C%20637%20Union%20St%2C%20Brooklyn%2C%20NY%2011215,40.67801285,-73.98400879,4.5,Yelp (157),汽车维修,歇业 · 营业时间: 明天 08:00,https://www.holylandautorepair.com/,(718) 246-9695,Holyland637@Gmail.com,"https://www.facebook.com/holylandautorepair/,https://www.instagram.com/holylandautorepair/",https://www.facebook.com/holylandautorepair/,https://www.instagram.com/holylandautorepair/,
ypid:YNE9BB619C8950C4FA,BMW of Manhattan Service Center,"555 W 57th St, New York, NY 10019",https://www.bing.com/th?id=OLC.j3GiXRUgU6UORQ480x360&pid=Local,https://www.bing.com/maps?cp=40.77039337158203%7E-73.99046325683594&lvl=16.0&q=BMW%20of%20Manhattan%20Service%20Center%20%2C%20555%20W%2057th%20St%2C%20New%20York%2C%20NY%2010019,40.77039337,-73.99046326,,,汽车维修,歇业 · 营业时间: 明天 07:30,https://www.bmwnyc.com/service/,(212) 586-2269,"john.genese@bmwnyc.com,John@bmwnyc.com,Smith@bmwnyc.com,genese@bmwnyc.com,Chris.CL.Little@bmwnyc.com,Armando.Diaz@bmwnyc.com,illieweb@trimarketplace.com,jmarra@bmwnyc.com",,,,
ypid:YN3C8382DF82C0A7ED,Mike's Auto,"220 E 117th St, New York, NY 10035",https://www.bing.com/th?id=OLC.eWIacNwxXyKLCA480x360&pid=Local,https://www.bing.com/maps?cp=40.79804229736328%7E-73.93865203857422&lvl=16.0&q=Mike's%20Auto%20%2C%20220%20E%20117th%20St%2C%20New%20York%2C%20NY%2010035,40.7980423,-73.93865204,4.5,Yelp (112),汽车维修,歇业 · 营业时间: 明天 09:00,http://www.mikesautonynj.com/,(212) 695-0250,info@kolpavanderhoek.nl,https://www.yelp.com/biz/mikes-auto-new-york?start=100,,,
ypid:YN20EABA81568A42F,Manhattan Alignment & Diagnostic Center,"555 W 131st St, New York, NY 10027",https://www.bing.com/th?id=OLC.ub0BnIvtidNmYA480x360&pid=Local,https://www.bing.com/maps?cp=40.81728744506836%7E-73.95598602294922&lvl=16.0&q=Manhattan%20Alignment%20%26%20Diagnostic%20Center%20%2C%20555%20W%20131st%20St%2C%20New%20York%2C%20NY%2010027,40.81728745,-73.95598602,5,Yelp (197),汽车维修,歇业 · 营业时间: 明天 08:00,http://www.manhattanalignment.com/,(212) 281-0300,info@manhattanalignment.com,https://www.facebook.com/permalink.php?story_fbid=245495211390733&id=100077907677058,https://www.facebook.com/permalink.php?story_fbid=245495211390733&id=100077907677058,,
ypid:YN111FCDC9C311E43D,54th Street Auto Care,"415 W 54th St, New York, NY 10019",https://www.bing.com/th?id=OLC.//L7PD0FdAIFIw480x360&pid=Local,https://www.bing.com/maps?cp=40.766605377197266%7E-73.98788452148438&lvl=16.0&q=54th%20Street%20Auto%20Care%20%2C%20415%20W%2054th%20St%2C%20New%20York%2C%20NY%2010019,40.76660538,-73.98788452,2,Yelp (137),汽车维修,歇业 · 营业时间: 明天 08:00,http://www.54thstreetauto.com/,(212) 265-3120,"54thstreetautocenter@gmail.com,54thstautocenter@gmail.com",,,,
ypid:YN1AB350F2EED776F0,A Euro American Auto & Tire Center,"3059 41st St, Astoria, NY 11103",https://www.bing.com/th?id=OLC.6t5X2MHdiRKSJw480x360&pid=Local,https://www.bing.com/maps?cp=40.76201248168945%7E-73.91523742675781&lvl=16.0&q=A%20Euro%20American%20Auto%20%26%20Tire%20Center%20%2C%203059%2041st%20St%2C%20Astoria%2C%20NY%2011103,40.76201248,-73.91523743,5,Yelp (129),汽车维修,歇业 · 营业时间: 明天 08:00,http://www.aeuroamericanauto.com/,(718) 728-2770,"info@besteuroauto.com,laz@aeuroamericanauto.com,privacy@leadventure.com,info@netdriven.com","https://www.facebook.com/aeuroamerican,https://twitter.com/aeuroamerican,https://www.yelp.com/biz/a-euro-american-auto-and-tire-center-astoria",https://www.facebook.com/aeuroamerican,,https://twitter.com/aeuroamerican
ypid:YNEDFE395F64CBAFC7,Repairs On Wheels,"833 McDonald Ave, Brooklyn, NY 11218",https://www.bing.com/th?id=OLC.PlfjGllOnm2HaQ480x360&pid=Local,https://www.bing.com/maps?cp=40.63376235961914%7E-73.97732543945312&lvl=16.0&q=Repairs%20On%20Wheels%20%2C%20833%20McDonald%20Ave%2C%20Brooklyn%2C%20NY%2011218,40.63376236,-73.97732544,4.5,Yelp (637),汽车维修,营业 · 歇业时间: 18:00,https://www.repairsonwheelsbk.com/,(718) 871-0797,"profiles@birdeye.com,kontakt@apartment-lichtenwald.de","https://www.facebook.com/permalink.php?story_fbid=3418833895035324&id=100007262415716,https://twitter.com/repaironwheels,https://www.instagram.com/repairsonwheelsbk/,https://www.yelp.com/biz/repairs-on-wheels-brooklyn-4?start=20",https://www.facebook.com/permalink.php?story_fbid=3418833895035324&id=100007262415716,https://www.instagram.com/repairsonwheelsbk/,https://twitter.com/repaironwheels
ypid:YN86575D558ADC9FC6,MINHS Automotive,"578 3rd Ave, Brooklyn, NY 11215",https://www.bing.com/th?id=OLC.zyY+7DIn9r0tWA480x360&pid=Local,https://www.bing.com/maps?cp=40.66758728027344%7E-73.99443054199219&lvl=16.0&q=MINHS%20Automotive%20%2C%20578%203rd%20Ave%2C%20Brooklyn%2C%20NY%2011215,40.66758728,-73.99443054,4,Yelp (263),汽车维修,歇业 · 营业时间: 明天 08:00,https://www.minhsautocare.com/,(718) 832-3096,"minaechoi@naver.com,hello@minhsautocare.com","https://www.facebook.com/corpnyc/posts/6203337286414501,https://twitter.com/minhsautocare,https://www.yelp.com/biz/minhs-automotive-brooklyn-2?start=20,https://www.youtube.com/channel/uczqjq0d2yfgsat692dgvi4w,https://instagram.com/minhsautomotive",https://www.facebook.com/corpnyc/posts/6203337286414501,https://instagram.com/minhsautomotive,https://twitter.com/minhsautocare
ypid:YN694A4EE80D9B7CE4,New Xcell Auto Repair,"60 Cadman Plaza W, Brooklyn, NY 11201",https://www.bing.com/th?id=OLC.FkMayoNVwhgweg480x360&pid=Local,https://www.bing.com/maps?cp=40.70208740234375%7E-73.9928970336914&lvl=16.0&q=New%20Xcell%20Auto%20Repair%20%2C%2060%20Cadman%20Plaza%20W%2C%20Brooklyn%2C%20NY%2011201,40.7020874,-73.99289703,4.5,Yelp (79),汽车维修,歇业 · 营业时间: 明天 08:00,https://www.newxcell.com/,(718) 625-4110,eric@newxcell.com,"https://instagram.com/wix/,https://www.yelp.com/biz/new-xcell-auto-repair-brooklyn-2",,https://instagram.com/wix/,
ypid:YN2EC9365792F3334B,Precision Transmissions - Auto Body & Collision Repair,"1454 Atlantic Ave, Brooklyn, NY 11216",https://www.bing.com/th?id=OLC.fx83/QBgwp9Qsw480x360&pid=Local,https://www.bing.com/maps?cp=40.6778450012207%7E-73.94356536865234&lvl=16.0&q=Precision%20Transmissions%20-%20Auto%20Body%20%26%20Collision%20Repair%20%2C%201454%20Atlantic%20Ave%2C%20Brooklyn%2C%20NY%2011216,40.677845,-73.94356537,4.5,Yelp (277),车身修理厂,歇业 · 营业时间: 明天 08:00,http://precisiontransmissions.com/,(718) 221-5131,sutter7515@sbcglobal.net,"https://www.facebook.com/precisiontransmissions,https://www.instagram.com/precision_transmissions/,https://business.twitter.com/en/help/troubleshooting/how-twitter-ads-work.html?ref=web-twc-ao-gbl-adsinfo&utm_source=twc&utm_medium=web&utm_campaign=ao&utm_content=adsinfo,https://www.yelp.com/biz/precision-transmissions-brooklyn",https://www.facebook.com/precisiontransmissions,https://www.instagram.com/precision_transmissions/,https://business.twitter.com/en/help/troubleshooting/how-twitter-ads-work.html?ref=web-twc-ao-gbl-adsinfo&utm_source=twc&utm_medium=web&utm_campaign=ao&utm_content=adsinfo
ypid:YNBF40FC9F1EBF5508,Blue Star Brothers Auto Repair Shop | Greenpoint,"384 McGuinness Blvd, Brooklyn, NY 11222",https://www.bing.com/th?id=OLC.xfiCZO2pSt2geA480x360&pid=Local,https://www.bing.com/maps?cp=40.736026763916016%7E-73.95225524902344&lvl=16.0&q=Blue%20Star%20Brothers%20Auto%20Repair%20Shop%20%7C%20Greenpoint%20%2C%20384%20McGuinness%20Blvd%2C%20Brooklyn%2C%20NY%2011222,40.73602676,-73.95225525,4.5,Yelp (107),车身修理厂,歇业 · 营业时间: 明天 08:00,https://www.bluestarbrothers.com/,(718) 395-2124,"greenpoint@bluestarbrothers.com,glendale@bluestarbrothers.com,John@bluestarbrothers.com,atendimento@naville.com.br,vendas@naville.com.br,guneyguven@triyainsaat.com,Alexander@bluestarbrothers.com","https://instagram.com/bluestarbrothers/,https://facebook.com/bluestarbrothers,https://youtube.com/@bluestarbrothers,https://www.linkedin.com/company/bluestarbrothers/,https://www.tiktok.com/@bluestarbrothers,https://www.yelp.com/biz/blue-star-brothers-brooklyn",https://facebook.com/bluestarbrothers,https://instagram.com/bluestarbrothers/,
ypid:YN2894338B5A5521D8,B & S Auto,"25 New York Ave, Huntington, NY 11743",,https://www.bing.com/maps?cp=40.882144927978516%7E-73.4203109741211&lvl=16.0&q=B%20%26%20S%20Auto%20%2C%2025%20New%20York%20Ave%2C%20Huntington%2C%20NY%2011743,40.88214493,-73.42031097,,,汽车维修,,,,,,,,
ypid:YN6EFBB664E76C48E1,BKM Car Service Inc. - Bosch Car Service,"3419 38th St, Long Island City, NY 11101",https://www.bing.com/th?id=OLC.5Jg9oYfR2dFV+A480x360&pid=Local,https://www.bing.com/maps?cp=40.75642013549805%7E-73.92192840576172&lvl=16.0&q=BKM%20Car%20Service%20Inc.%20-%20Bosch%20Car%20Service%20%2C%203419%2038th%20St%2C%20Long%20Island%20City%2C%20NY%2011101,40.75642014,-73.92192841,,,汽车维修,,http://www.boschcarservice.us/,(718) 361-9515,"marco.frozza@autotempel.ch,tokai@kohlerauto.co.za,info@boschcarservice.sydney,John@boschcarservice.us,JSmith@boschcarservice.us,John.Smith@boschcarservice.us,bosch.service@br.bosch.com","https://www.linkedin.com/company/bosch-auto-service/,https://www.facebook.com/BoschAutoServiceUS/,https://www.instagram.com/boschautoserviceus/",https://www.facebook.com/BoschAutoServiceUS/,https://www.instagram.com/boschautoserviceus/,
ypid:YN64F190E09180235,Precision Auto Works (Auto Repair & Maintenance),"1029 46th Rd, Long Island City, NY 11101",https://www.bing.com/th?id=OLC.KwIMtfkOJl384g480x360&pid=Local,https://www.bing.com/maps?cp=40.746063232421875%7E-73.95172882080078&lvl=16.0&q=Precision%20Auto%20Works%20(Auto%20Repair%20%26%20Maintenance)%20%2C%201029%2046th%20Rd%2C%20Long%20Island%20City%2C%20NY%2011101,40.74606323,-73.95172882,4,Yelp (50),汽车维修,歇业 · 营业时间: 明天 08:00,http://www.precisionautorepair.nyc/,(718) 786-2923,info@precisionautorepair.nyc,"https://www.instagram.com/precisionautoworksny,https://www.yelp.com/biz/precision-auto-works-repair-and-service-long-island-city",,https://www.instagram.com/precisionautoworksny,
ypid:YNCDD570A21336B525,NYC Wheel Professionals,"725 3rd Ave, Brooklyn, NY 11232",https://www.bing.com/th?id=OLC.7z0nu14bIU6qUg480x360&pid=Local,https://www.bing.com/maps?cp=40.66231918334961%7E-73.99889373779297&lvl=16.0&q=NYC%20Wheel%20Professionals%20%2C%20725%203rd%20Ave%2C%20Brooklyn%2C%20NY%2011232,40.66231918,-73.99889374,2,Yelp (98),汽车维修,营业 · 歇业时间: 15:00,https://www.nycwheelpros.com/,(646) 450-7290,,"https://www.facebook.com/nycwheelpros,https://www.instagram.com/nycwheelprofessionals/",https://www.facebook.com/nycwheelpros,https://www.instagram.com/nycwheelprofessionals/,
ypid:YN705B0FD569D65ED6,Parkside Service Center,"584 Union St, Brooklyn, NY 11215",https://www.bing.com/th?id=OLC.3cJ6Rank/2N4Bw480x360&pid=Local,https://www.bing.com/maps?cp=40.67784881591797%7E-73.98480987548828&lvl=16.0&q=Parkside%20Service%20Center%20%2C%20584%20Union%20St%2C%20Brooklyn%2C%20NY%2011215,40.67784882,-73.98480988,4.5,Yelp (101),汽车维修,歇业 · 营业时间: 明天 06:30,http://parksideautocare.com/,(718) 852-7969,"parksideautocare@gmail.com,parksideautocare@aol.com","https://www.yelp.com/biz/parkside-auto-care-brooklyn?hrid=52qxhexfan0hxkq7bx9u6q,https://www.facebook.com/parksideautocare",https://www.facebook.com/parksideautocare,,
ypid:YN32C0A6D91A6BDCDB,Gerardo's Auto Repair,"1214 Bergenline Ave, Union City, NJ 07087",https://www.bing.com/th?id=OLC.RXPzj/e8h5wAOw480x360&pid=Local,https://www.bing.com/maps?cp=40.75986862182617%7E-74.03706359863281&lvl=16.0&q=Gerardo's%20Auto%20Repair%20%2C%201214%20Bergenline%20Ave%2C%20Union%20City%2C%20NJ%2007087,40.75986862,-74.0370636,,,汽车维修,歇业 · 营业时间: 明天 08:00,https://gerardosauto.com/,(201) 617-0005,gerardosauto@gmail.com,"https://www.instagram.com/gerardosauto/,https://www.facebook.com/gerardosauto/",https://www.facebook.com/gerardosauto/,https://www.instagram.com/gerardosauto/,
ypid:YN14C7CE19958991CA,Vernon Auto Repair,"3801 Vernon Blvd, Long Island City, NY 11101",https://www.bing.com/th?id=OLC.HBXzCWNmqU+AAw480x360&pid=Local,https://www.bing.com/maps?cp=40.759071350097656%7E-73.94403076171875&lvl=16.0&q=Vernon%20Auto%20Repair%20%2C%203801%20Vernon%20Blvd%2C%20Long%20Island%20City%2C%20NY%2011101,40.75907135,-73.94403076,4.5,Yelp (24),汽车维修,24 小时营业,https://www.vernonauto.repair/,(718) 666-7592,,"https://www.instagram.com/vernonautorepair/,https://www.yelp.com/biz/vernon-auto-repairs-long-island-city?osq=vernon+auto+repairs",,https://www.instagram.com/vernonautorepair/,
ypid:YNB3D1F3430A8926,T & D Auto Repair,"896 4th Ave, Brooklyn, NY 11232",https://www.bing.com/th?id=OLC.iW9jH0KAepgF6A480x360&pid=Local,https://www.bing.com/maps?cp=40.65630340576172%7E-74.0028076171875&lvl=16.0&q=T%20%26%20D%20Auto%20Repair%20%2C%20896%204th%20Ave%2C%20Brooklyn%2C%20NY%2011232,40.65630341,-74.00280762,5,Yelp (15),汽车维修,歇业 · 营业时间: 明天 08:00,http://www.tdautony.com/,(718) 972-6620,theTDAuto@gmail.com,,,,
ypid:YNC17BA0041203A31D,A&A Quick Fix Auto Repair,"889 3rd Ave, Brooklyn, NY 11232",https://www.bing.com/th?id=OLC.SOaIwHLIuXkGZw480x360&pid=Local,https://www.bing.com/maps?cp=40.657222747802734%7E-74.00421142578125&lvl=16.0&q=A%26A%20Quick%20Fix%20Auto%20Repair%20%2C%20889%203rd%20Ave%2C%20Brooklyn%2C%20NY%2011232,40.65722275,-74.00421143,,,汽车维修,歇业 · 营业时间: 明天 08:00,https://carrepairinbrooklyn.com/,(718) 788-1148,ali@aaquickfix.com,,,,
ypid:YNB73C03CAC0352EB2,ABC Auto Body Shop Of Park Slope,"189 1st St, Brooklyn, NY 11215",https://www.bing.com/th?id=OLC.7ggZhucS4xcl+g480x360&pid=Local,https://www.bing.com/maps?cp=40.676124572753906%7E-73.98643493652344&lvl=16.0&q=ABC%20Auto%20Body%20Shop%20Of%20Park%20Slope%20%2C%20189%201st%20St%2C%20Brooklyn%2C%20NY%2011215,40.67612457,-73.98643494,4.5,Yelp (75),车身修理厂,歇业 · 营业时间: 明天 08:00,https://abccollisionshop.com/,(718) 522-3111,"ABCcollision@idealautona.com,admrodrigopecas@hotmail.com","https://www.instagram.com/abcautobodyparkslope/,https://www.facebook.com/profile.php?id=61574220835565",https://www.facebook.com/profile.php?id=61574220835565,https://www.instagram.com/abcautobodyparkslope/,
ypid:YN5D11D8E8785EE95F,"Fix-Rite Auto Body & Repair || Best Car servicing Center in Brooklyn,New York,USA","912 Cortelyou Rd, Brooklyn, NY 11218",https://www.bing.com/th?id=OLC.k0RPe3XbRIrfsA480x360&pid=Local,https://www.bing.com/maps?cp=40.63872146606445%7E-73.9693374633789&lvl=16.0&q=Fix-Rite%20Auto%20Body%20%26%20Repair%20%7C%7C%20Best%20Car%20servicing%20Center%20in%20Brooklyn%2CNew%20York%2CUSA%20%2C%20912%20Cortelyou%20Rd%2C%20Brooklyn%2C%20NY%2011218,40.63872147,-73.96933746,4,Yelp (9),汽车维修,歇业 · 营业时间: 明天 09:00,https://fix-rite.com/,(718) 484-4300,fixritear@gmail.com,,,,
ypid:YNE1E805DD99ECA5B8,Five ZS Auto Repair,"6938 Central Ave, Glendale, NY 11385",https://www.bing.com/th?id=OLC.2Oo8gUSLLT34Gg480x360&pid=Local,https://www.bing.com/maps?cp=40.704158782958984%7E-73.8823013305664&lvl=16.0&q=Five%20ZS%20Auto%20Repair%20%2C%206938%20Central%20Ave%2C%20Glendale%2C%20NY%2011385,40.70415878,-73.88230133,4,Yelp (24),汽车维修,歇业 · 营业时间: 明天 07:00,http://www.fivezsautorepair.com/,(718) 386-2428,fivezsauto@yahoo.com,"https://www.facebook.com/five-zs-auto-repair-inc-10150134421640621/,https://twitter.com/fivezsauto5z,https://instagram.com/fivezsautorepair/",https://www.facebook.com/five-zs-auto-repair-inc-10150134421640621/,https://instagram.com/fivezsautorepair/,https://twitter.com/fivezsauto5z
ypid:YN756088D1011B0BF2,ZAMBRAND AUTO REPAIR INC,"250 42nd St, Brooklyn, NY 11232",https://www.bing.com/th?id=OLC.JE+QY0dEB/SzGQ480x360&pid=Local,https://www.bing.com/maps?cp=40.6525993347168%7E-74.01115417480469&lvl=16.0&q=ZAMBRAND%20AUTO%20REPAIR%20INC%20%2C%20250%2042nd%20St%2C%20Brooklyn%2C%20NY%2011232,40.65259933,-74.01115417,4.5,Yelp (15),汽车维修,歇业 · 营业时间: 明天 08:00,http://www.zambrandauto.com/,(718) 965-1903,zambrandauto@gmail.com,"https://www.facebook.com/jessuly.duran/posts/5292730320752792,https://www.yelp.com/biz/zambrands-auto-repair-brooklyn",https://www.facebook.com/jessuly.duran/posts/5292730320752792,,
ypid:YNF46686E4E459087A,Dependable Auto Repair & Body,"6020 68th Ave, Ridgewood, NY 11385",https://www.bing.com/th?id=OLC.BjTd6ywTPY4edw480x360&pid=Local,https://www.bing.com/maps?cp=40.70408248901367%7E-73.8993148803711&lvl=16.0&q=Dependable%20Auto%20Repair%20%26%20Body%20%2C%206020%2068th%20Ave%2C%20Ridgewood%2C%20NY%2011385,40.70408249,-73.89931488,4.5,Yelp (28),汽车维修,歇业 · 营业时间: 明天 08:00,https://www.dependableauto2.com/,(718) 821-1640,,"https://www.yelp.com/biz/dependable-auto-repair-and-body-ridgewood,https://www.facebook.com/profile.php?id=100069784406695",https://www.facebook.com/profile.php?id=100069784406695,,
ypid:YN2D262BDDF2E3202,"German Auto Care, Inc.","1414 Astoria Blvd, Astoria, NY 11102",https://www.bing.com/th?id=OLC.X7+ZQgZfxrHoIQ480x360&pid=Local,https://www.bing.com/maps?cp=40.7719841003418%7E-73.9283218383789&lvl=16.0&q=German%20Auto%20Care%2C%20Inc.%20%2C%201414%20Astoria%20Blvd%2C%20Astoria%2C%20NY%2011102,40.7719841,-73.92832184,4.5,Yelp (36),汽车维修,歇业 · 营业时间: 明天 08:00,http://www.germanautocareny.com/,(718) 956-3090,germanautocareny@gmail.com,https://www.yelp.com/biz/german-auto-care-long-island-city-2?adjust_creative=microsoft&utm_campaign=yelp_feed&utm_medium=feed_v2&utm_source=microsoft,,,
ypid:YN7B3E1936BE149D1C,1 Mi Taller Auto Repair,"5106 70th St, Woodside, NY 11377",https://www.bing.com/th?id=OLC.9ioCG+oUQhu3tw480x360&pid=Local,https://www.bing.com/maps?cp=40.73529815673828%7E-73.89437866210938&lvl=16.0&q=1%20Mi%20Taller%20Auto%20Repair%20%2C%205106%2070th%20St%2C%20Woodside%2C%20NY%2011377,40.73529816,-73.89437866,,,汽车维修,歇业 · 营业时间: 明天 07:00,http://mitallerauto.com/,(718) 424-7289,copyright@nipic.com,,,,
ypid:YN495876C3F3103366,DLJ Auto Repair,"260 39th St, Brooklyn, NY 11232",https://www.bing.com/th?id=OLC.C812i1lCG6/GOg480x360&pid=Local,https://www.bing.com/maps?cp=40.65426254272461%7E-74.00907897949219&lvl=16.0&q=DLJ%20Auto%20Repair%20%2C%20260%2039th%20St%2C%20Brooklyn%2C%20NY%2011232,40.65426254,-74.00907898,4,Yelp (41),汽车维修,歇业 · 营业时间: 明天 08:00,https://dljenterprisesltd.com/,(718) 499-6793,,,,,
ypid:YNB9B8D80D0F4DAC76,Cara Mobile Oil Change & Auto Repair Service,"350 W 124th St, New York, NY 10027",,https://www.bing.com/maps?cp=40.810298919677734%7E-73.95397186279297&lvl=16.0&q=Cara%20Mobile%20Oil%20Change%20%26%20Auto%20Repair%20Service%20%2C%20350%20W%20124th%20St%2C%20New%20York%2C%20NY%2010027,40.81029892,-73.95397186,,,机油更换站,24 小时营业,https://caraauto.com/,(917) 502-6040,support@caraauto.com,"https://www.yelp.com/biz/mobile4you-queens-3?sort_by=date_desc,https://www.facebook.com/caramobile/,https://www.instagram.com/caramobileauto/",https://www.facebook.com/caramobile/,https://www.instagram.com/caramobileauto/,
ypid:YN18DE85D490102AFA,NY City Automotive,"622 Court St, Brooklyn, NY 11231",https://www.bing.com/th?id=OLC.GaSepPAID0Xezw480x360&pid=Local,https://www.bing.com/maps?cp=40.67247772216797%7E-74.0009994506836&lvl=16.0&q=NY%20City%20Automotive%20%2C%20622%20Court%20St%2C%20Brooklyn%2C%20NY%2011231,40.67247772,-74.00099945,5,Yelp (3),车身修理厂,歇业 · 营业时间: 明天 08:00,https://www.nycityautomotive.com/,(347) 795-4525,info@nycityautomotive.com,"https://www.facebook.com/nycityauto/,https://www.instagram.com/nycityauto/?hl=en",https://www.facebook.com/nycityauto/,https://www.instagram.com/nycityauto/?hl=en,
ypid:YN2B3F49844946418B,AUTOTECH COLLISION,"505 W 57th St, New York, NY 10019",https://www.bing.com/th?id=OLC.eYUktDZywWtERw480x360&pid=Local,https://www.bing.com/maps?cp=40.76966094970703%7E-73.98883056640625&lvl=16.0&q=AUTOTECH%20COLLISION%20%2C%20505%20W%2057th%20St%2C%20New%20York%2C%20NY%2010019,40.76966095,-73.98883057,4,Yelp (62),汽车维修,歇业 · 营业时间: 明天 07:00,https://autotechny.com/,(212) 974-0400,"customerservice@autotechny.com,WEBcustomerservice@autotechny.com,loja@autotech.pro.br",https://www.facebook.com/autotech-collision-1693717160898940/,https://www.facebook.com/autotech-collision-1693717160898940/,,
ypid:YNB7511C60AE933C8A,TNS Auto Collision,"1011 61st St, Brooklyn, NY 11219",https://www.bing.com/th?id=OLC.BibcLjc7XMNpQA480x360&pid=Local,https://www.bing.com/maps?cp=40.632144927978516%7E-74.00524139404297&lvl=16.0&q=TNS%20Auto%20Collision%20%2C%201011%2061st%20St%2C%20Brooklyn%2C%20NY%2011219,40.63214493,-74.00524139,4,Yelp (94),车身修理厂,营业 · 歇业时间: 15:00,https://www.tnsautocollision.com/,(718) 259-0075,"tnsautocollision@gmail.com,tnsautosi@gmail.com,info@labeljagruti.com,tnsautoalabama@gmail.com","https://www.instagram.com/tnsautocollision/,https://www.facebook.com/profile.php?id=100044416436990,https://www.yelp.com/biz/tns-auto-group-brooklyn?start=20,https://www.twitter.com/tnsautogroup",https://www.facebook.com/profile.php?id=100044416436990,https://www.instagram.com/tnsautocollision/,https://www.twitter.com/tnsautogroup
ypid:YN3525E16F4B034581,Manhattan Auto Service and Bodywork,"2451 1st Ave, New York, NY 10035",https://www.bing.com/th?id=OLC.RTqMGKNM7SRRfg480x360&pid=Local,https://www.bing.com/maps?cp=40.802425384521484%7E-73.93134307861328&lvl=16.0&q=Manhattan%20Auto%20Service%20and%20Bodywork%20%2C%202451%201st%20Ave%2C%20New%20York%2C%20NY%2010035,40.80242538,-73.93134308,5,Yelp (3),车身修理厂,歇业 · 营业时间: 明天 07:00,https://manhattanautomobilerepair.com/,(212) 838-8888,,,,,
ypid:YNADBB56D140A1496F,Punjab Auto Repair,"33-56 21st St, Queens, NY 11106",https://www.bing.com/th?id=OLC./HMlmAu1i6c1/A480x360&pid=Local,https://www.bing.com/maps?cp=40.763607025146484%7E-73.93347930908203&lvl=16.0&q=Punjab%20Auto%20Repair%20%2C%2033-56%2021st%20St%2C%20Queens%2C%20NY%2011106,40.76360703,-73.93347931,2.5,Yelp (82),车身修理厂,24 小时营业,https://punjabautorepair1.wixsite.com/my-site,(718) 728-4600,punjabautorepair1@gmail.com,https://www.yelp.com/biz/punjab-auto-body-long-island-city?adjust_creative=microsoft&utm_campaign=yelp_feed&utm_medium=feed_v2&utm_source=microsoft,,,
ypid:YN167E4852A915B72A,Pep Boys Auto Service & Tires,"38-19 21st St, Long Island City, NY 11101",https://www.bing.com/th?id=OLC.a+Dsv5n5pzdl0Q480x360&pid=Local,https://www.bing.com/maps?cp=40.756935119628906%7E-73.93933868408203&lvl=16.0&q=Pep%20Boys%20Auto%20Service%20%26%20Tires%20%2C%2038-19%2021st%20St%2C%20Long%20Island%20City%2C%20NY%2011101,40.75693512,-73.93933868,2.5,Yelp (187),轮胎店,营业 · 歇业时间: 18:00,https://www.pepboys.com/stores/ny/long-island-city/38-19-21st-steet,(718) 706-7830,"contactus@pepboys.com,varsity@pepboys.com,Carol_Pryor@Pepboys.com,mediarelations@pepboys.com,Webliz_wilson@pepboys.com,AP_Compliance@pepboys.com,Contactus@pepboys.com","https://www.facebook.com/pepboysauto,https://twitter.com/pepboysauto,https://www.youtube.com/user/pepboysforlife,https://www.instagram.com/pepboysauto/",https://www.facebook.com/pepboysauto,https://www.instagram.com/pepboysauto/,https://twitter.com/pepboysauto
ypid:YNE1302F5D6C91C6F8,Gotham City Collision,"1130 44th Rd, Long Island City, NY 11101",https://www.bing.com/th?id=OLC.ZQ9A1CTiTxrBbA480x360&pid=Local,https://www.bing.com/maps?cp=40.748863220214844%7E-73.94837188720703&lvl=16.0&q=Gotham%20City%20Collision%20%2C%201130%2044th%20Rd%2C%20Long%20Island%20City%2C%20NY%2011101,40.74886322,-73.94837189,5,Yelp (278),车身修理厂,歇业 · 营业时间: 明天 08:00,http://www.gothamcitycollision.com/,(718) 433-4465,"gothamcitycollisioneast@gmail.com,gothamcitycollision@gmail.com","https://www.facebook.com/gothamcitycollision/,https://www.instagram.com/gothamcitycollision/?hl=en,https://www.twitter.com/gothamcitycoll?lang=en,https://www.yelp.com/biz/gotham-city-collision-long-island-city?adjust_creative=microsoft&utm_campaign=yelp_feed&utm_medium=feed_v2&utm_source=microsoft",https://www.facebook.com/gothamcitycollision/,https://www.instagram.com/gothamcitycollision/?hl=en,https://www.twitter.com/gothamcitycoll?lang=en
ypid:YNE405B186E89CA434,Bay Diagnostic,"1717 Gravesend Neck Rd, Brooklyn, NY 11229",https://www.bing.com/th?id=OLC.eTIRaa5TP3Ccrw480x360&pid=Local,https://www.bing.com/maps?cp=40.59577178955078%7E-73.95329284667969&lvl=16.0&q=Bay%20Diagnostic%20%2C%201717%20Gravesend%20Neck%20Rd%2C%20Brooklyn%2C%20NY%2011229,40.59577179,-73.95329285,3.5,Yelp (115),汽车维修,歇业 · 营业时间: 明天 07:30,https://www.baydiagnostic.com/,(718) 615-0705,,"https://www.facebook.com/kabidg/posts/10159999553668477,https://instagram.com/baydiagnostic,https://www.yelp.com/biz/bay-diagnostic-brooklyn-3?start=20,https://www.youtube.com/channel/ucxoyn-8yo712lqy608giliq,https://www.linkedin.com/company/baydiagnostic/?viewasmember=true,https://twitter.com/baydiagnostic",https://www.facebook.com/kabidg/posts/10159999553668477,https://instagram.com/baydiagnostic,https://twitter.com/baydiagnostic
ypid:YND52A10E7C5F30183,Kar King Auto Repair,"605 Northern Blvd, Great Neck, NY 11021",https://www.bing.com/th?id=OLC.t1F2wPqHeA52fA480x360&pid=Local,https://www.bing.com/maps?cp=40.78242874145508%7E-73.71680450439453&lvl=16.0&q=Kar%20King%20Auto%20Repair%20%2C%20605%20Northern%20Blvd%2C%20Great%20Neck%2C%20NY%2011021,40.78242874,-73.7168045,1,Yelp (1),汽车维修,歇业 · 营业时间: 明天 08:00,https://www.karkingautorepair.com/,(516) 482-3388,"info@karkingautorepair.com,tonglux.tlc@gmail.com","https://www.facebook.com/profile.php?id=61558529724669&sk=photos,https://www.instagram.com/lotus_flowers_and_plants/",https://www.facebook.com/profile.php?id=61558529724669&sk=photos,https://www.instagram.com/lotus_flowers_and_plants/,
ypid:YN76F1012960D2B7F,Sammy's Auto Repair & Collision,"369 Niagara St, Buffalo, NY 14201",https://www.bing.com/th?id=OLC.o/Kc2Jj2FuB8qg480x360&pid=Local,https://www.bing.com/maps?cp=42.8945198059082%7E-78.88555908203125&lvl=16.0&q=Sammy's%20Auto%20Repair%20%26%20Collision%20%2C%20369%20Niagara%20St%2C%20Buffalo%2C%20NY%2014201,42.89451981,-78.88555908,4,Yelp (19),汽车维修,歇业 · 营业时间: 明天 08:00,http://www.sammysauto.com/,(716) 854-5441,sam@sammysauto.com,"https://www.facebook.com/sammysauto,https://www.instagram.com/sms.imports/",https://www.facebook.com/sammysauto,https://www.instagram.com/sms.imports/,
ypid:YN314F57793287D6A,Manhattan Auto Care,"275 Delancey St, New York, NY 10002",https://www.bing.com/th?id=OLC.p618D6aSb//7oQ480x360&pid=Local,https://www.bing.com/maps?cp=40.71570587158203%7E-73.98074340820312&lvl=16.0&q=Manhattan%20Auto%20Care%20%2C%20275%20Delancey%20St%2C%20New%20York%2C%20NY%2010002,40.71570587,-73.98074341,4,Yelp (157),车身修理厂,歇业 · 营业时间: 明天 08:00,http://www.manhattanautocare.com/,(212) 353-0125,"macbodywork@gmail.com,WebJohnSmith@manhattanautocare.com,John.Smith@manhattanautocare.com,John@manhattanautocare.com,Midtowncenter@hotmail.com","https://www.facebook.com/stempler/posts/10220534056175675,https://twitter.com/MacbodyworkAuto",https://www.facebook.com/stempler/posts/10220534056175675,,https://twitter.com/MacbodyworkAuto
ypid:YN19925BC8FA1977AB,Marty's Auto Body,"500 W 25th St, New York, NY 10001",https://www.bing.com/th?id=OLC.UcvfyQcI161hZQ480x360&pid=Local,https://www.bing.com/maps?cp=40.74895477294922%7E-74.0041732788086&lvl=16.0&q=Marty's%20Auto%20Body%20%2C%20500%20W%2025th%20St%2C%20New%20York%2C%20NY%2010001,40.74895477,-74.00417328,4,Yelp (100),汽车维修,歇业 · 营业时间: 明天 08:00,https://mautobody.us/,(212) 255-7654,"contact@factoryautobody.com,profiles@birdeye.com","https://www.facebook.com/MartysAutoBodyNY/,https://twitter.com/mautobodyus,https://instagram.com/mautobodyus,https://youtube.com/channel/uc_n3lmmsuodw-iyohthdwuq",https://www.facebook.com/MartysAutoBodyNY/,https://instagram.com/mautobodyus,https://twitter.com/mautobodyus