https://telegramdownloadmedia.com/features,https://telegramdownloadmedia.com/,301,true
https://telegramdownloadmedia.com/features/,https://telegramdownloadmedia.com/,301,true
https://telegramdownloadmedia.com/guide,https://telegramdownloadmedia.com/,301,true
https://telegramdownloadmedia.com/guide/,https://telegramdownloadmedia.com/,301,true
https://telegramdownloadmedia.com/solutions,https://telegramdownloadmedia.com/telegram-download-disabled-channel-workaround/,301,true
https://telegramdownloadmedia.com/solutions/,https://telegramdownloadmedia.com/telegram-download-disabled-channel-workaround/,301,true
https://telegramdownloadmedia.com/faq,https://telegramdownloadmedia.com/,301,true
https://telegramdownloadmedia.com/faq/,https://telegramdownloadmedia.com/,301,true
https://telegramdownloadmedia.com/zh-cn/features,https://telegramdownloadmedia.com/zh-cn/,301,true
https://telegramdownloadmedia.com/zh-cn/features/,https://telegramdownloadmedia.com/zh-cn/,301,true
https://telegramdownloadmedia.com/zh-cn/guide,https://telegramdownloadmedia.com/zh-cn/,301,true
https://telegramdownloadmedia.com/zh-cn/guide/,https://telegramdownloadmedia.com/zh-cn/,301,true
https://telegramdownloadmedia.com/zh-cn/solutions,https://telegramdownloadmedia.com/zh-cn/telegram-download-disabled-channel-workaround/,301,true
https://telegramdownloadmedia.com/zh-cn/solutions/,https://telegramdownloadmedia.com/zh-cn/telegram-download-disabled-channel-workaround/,301,true
https://telegramdownloadmedia.com/zh-cn/faq,https://telegramdownloadmedia.com/zh-cn/,301,true
https://telegramdownloadmedia.com/zh-cn/faq/,https://telegramdownloadmedia.com/zh-cn/,301,true
https://telegramdownloadmedia.com/zh-tw/features,https://telegramdownloadmedia.com/zh-tw/,301,true
https://telegramdownloadmedia.com/zh-tw/features/,https://telegramdownloadmedia.com/zh-tw/,301,true
https://telegramdownloadmedia.com/zh-tw/guide,https://telegramdownloadmedia.com/zh-tw/,301,true
https://telegramdownloadmedia.com/zh-tw/guide/,https://telegramdownloadmedia.com/zh-tw/,301,true
https://telegramdownloadmedia.com/zh-tw/solutions,https://telegramdownloadmedia.com/zh-tw/telegram-download-disabled-channel-workaround/,301,true
https://telegramdownloadmedia.com/zh-tw/solutions/,https://telegramdownloadmedia.com/zh-tw/telegram-download-disabled-channel-workaround/,301,true
https://telegramdownloadmedia.com/zh-tw/faq,https://telegramdownloadmedia.com/zh-tw/,301,true
https://telegramdownloadmedia.com/zh-tw/faq/,https://telegramdownloadmedia.com/zh-tw/,301,true
https://telegramdownloadmedia.com/ja/features,https://telegramdownloadmedia.com/ja/,301,true
https://telegramdownloadmedia.com/ja/features/,https://telegramdownloadmedia.com/ja/,301,true
https://telegramdownloadmedia.com/ja/guide,https://telegramdownloadmedia.com/ja/,301,true
https://telegramdownloadmedia.com/ja/guide/,https://telegramdownloadmedia.com/ja/,301,true
https://telegramdownloadmedia.com/ja/solutions,https://telegramdownloadmedia.com/ja/telegram-download-disabled-channel-workaround/,301,true
https://telegramdownloadmedia.com/ja/solutions/,https://telegramdownloadmedia.com/ja/telegram-download-disabled-channel-workaround/,301,true
https://telegramdownloadmedia.com/ja/faq,https://telegramdownloadmedia.com/ja/,301,true
https://telegramdownloadmedia.com/ja/faq/,https://telegramdownloadmedia.com/ja/,301,true
https://telegramdownloadmedia.com/ko/features,https://telegramdownloadmedia.com/ko/,301,true
https://telegramdownloadmedia.com/ko/features/,https://telegramdownloadmedia.com/ko/,301,true
https://telegramdownloadmedia.com/ko/guide,https://telegramdownloadmedia.com/ko/,301,true
https://telegramdownloadmedia.com/ko/guide/,https://telegramdownloadmedia.com/ko/,301,true
https://telegramdownloadmedia.com/ko/solutions,https://telegramdownloadmedia.com/ko/telegram-download-disabled-channel-workaround/,301,true
https://telegramdownloadmedia.com/ko/solutions/,https://telegramdownloadmedia.com/ko/telegram-download-disabled-channel-workaround/,301,true
https://telegramdownloadmedia.com/ko/faq,https://telegramdownloadmedia.com/ko/,301,true
https://telegramdownloadmedia.com/ko/faq/,https://telegramdownloadmedia.com/ko/,301,true
https://telegramdownloadmedia.com/es/features,https://telegramdownloadmedia.com/es/,301,true
https://telegramdownloadmedia.com/es/features/,https://telegramdownloadmedia.com/es/,301,true
https://telegramdownloadmedia.com/es/guide,https://telegramdownloadmedia.com/es/,301,true
https://telegramdownloadmedia.com/es/guide/,https://telegramdownloadmedia.com/es/,301,true
https://telegramdownloadmedia.com/es/solutions,https://telegramdownloadmedia.com/es/telegram-download-disabled-channel-workaround/,301,true
https://telegramdownloadmedia.com/es/solutions/,https://telegramdownloadmedia.com/es/telegram-download-disabled-channel-workaround/,301,true
https://telegramdownloadmedia.com/es/faq,https://telegramdownloadmedia.com/es/,301,true
https://telegramdownloadmedia.com/es/faq/,https://telegramdownloadmedia.com/es/,301,true
https://telegramdownloadmedia.com/pt/features,https://telegramdownloadmedia.com/pt/,301,true
https://telegramdownloadmedia.com/pt/features/,https://telegramdownloadmedia.com/pt/,301,true
https://telegramdownloadmedia.com/pt/guide,https://telegramdownloadmedia.com/pt/,301,true
https://telegramdownloadmedia.com/pt/guide/,https://telegramdownloadmedia.com/pt/,301,true
https://telegramdownloadmedia.com/pt/solutions,https://telegramdownloadmedia.com/pt/telegram-download-disabled-channel-workaround/,301,true
https://telegramdownloadmedia.com/pt/solutions/,https://telegramdownloadmedia.com/pt/telegram-download-disabled-channel-workaround/,301,true
https://telegramdownloadmedia.com/pt/faq,https://telegramdownloadmedia.com/pt/,301,true
https://telegramdownloadmedia.com/pt/faq/,https://telegramdownloadmedia.com/pt/,301,true
https://telegramdownloadmedia.com/de/features,https://telegramdownloadmedia.com/de/,301,true
https://telegramdownloadmedia.com/de/features/,https://telegramdownloadmedia.com/de/,301,true
https://telegramdownloadmedia.com/de/guide,https://telegramdownloadmedia.com/de/,301,true
https://telegramdownloadmedia.com/de/guide/,https://telegramdownloadmedia.com/de/,301,true
https://telegramdownloadmedia.com/de/solutions,https://telegramdownloadmedia.com/de/telegram-download-disabled-channel-workaround/,301,true
https://telegramdownloadmedia.com/de/solutions/,https://telegramdownloadmedia.com/de/telegram-download-disabled-channel-workaround/,301,true
https://telegramdownloadmedia.com/de/faq,https://telegramdownloadmedia.com/de/,301,true
https://telegramdownloadmedia.com/de/faq/,https://telegramdownloadmedia.com/de/,301,true
https://telegramdownloadmedia.com/fr/features,https://telegramdownloadmedia.com/fr/,301,true
https://telegramdownloadmedia.com/fr/features/,https://telegramdownloadmedia.com/fr/,301,true
https://telegramdownloadmedia.com/fr/guide,https://telegramdownloadmedia.com/fr/,301,true
https://telegramdownloadmedia.com/fr/guide/,https://telegramdownloadmedia.com/fr/,301,true
https://telegramdownloadmedia.com/fr/solutions,https://telegramdownloadmedia.com/fr/telegram-download-disabled-channel-workaround/,301,true
https://telegramdownloadmedia.com/fr/solutions/,https://telegramdownloadmedia.com/fr/telegram-download-disabled-channel-workaround/,301,true
https://telegramdownloadmedia.com/fr/faq,https://telegramdownloadmedia.com/fr/,301,true
https://telegramdownloadmedia.com/fr/faq/,https://telegramdownloadmedia.com/fr/,301,true
https://telegramdownloadmedia.com/ru/features,https://telegramdownloadmedia.com/ru/,301,true
https://telegramdownloadmedia.com/ru/features/,https://telegramdownloadmedia.com/ru/,301,true
https://telegramdownloadmedia.com/ru/guide,https://telegramdownloadmedia.com/ru/,301,true
https://telegramdownloadmedia.com/ru/guide/,https://telegramdownloadmedia.com/ru/,301,true
https://telegramdownloadmedia.com/ru/solutions,https://telegramdownloadmedia.com/ru/telegram-download-disabled-channel-workaround/,301,true
https://telegramdownloadmedia.com/ru/solutions/,https://telegramdownloadmedia.com/ru/telegram-download-disabled-channel-workaround/,301,true
https://telegramdownloadmedia.com/ru/faq,https://telegramdownloadmedia.com/ru/,301,true
https://telegramdownloadmedia.com/ru/faq/,https://telegramdownloadmedia.com/ru/,301,true
https://telegramdownloadmedia.com/it/features,https://telegramdownloadmedia.com/it/,301,true
https://telegramdownloadmedia.com/it/features/,https://telegramdownloadmedia.com/it/,301,true
https://telegramdownloadmedia.com/it/guide,https://telegramdownloadmedia.com/it/,301,true
https://telegramdownloadmedia.com/it/guide/,https://telegramdownloadmedia.com/it/,301,true
https://telegramdownloadmedia.com/it/solutions,https://telegramdownloadmedia.com/it/telegram-download-disabled-channel-workaround/,301,true
https://telegramdownloadmedia.com/it/solutions/,https://telegramdownloadmedia.com/it/telegram-download-disabled-channel-workaround/,301,true
https://telegramdownloadmedia.com/it/faq,https://telegramdownloadmedia.com/it/,301,true
https://telegramdownloadmedia.com/it/faq/,https://telegramdownloadmedia.com/it/,301,true
https://telegramdownloadmedia.com/vi/features,https://telegramdownloadmedia.com/vi/,301,true
https://telegramdownloadmedia.com/vi/features/,https://telegramdownloadmedia.com/vi/,301,true
https://telegramdownloadmedia.com/vi/guide,https://telegramdownloadmedia.com/vi/,301,true
https://telegramdownloadmedia.com/vi/guide/,https://telegramdownloadmedia.com/vi/,301,true
https://telegramdownloadmedia.com/vi/solutions,https://telegramdownloadmedia.com/vi/telegram-download-disabled-channel-workaround/,301,true
https://telegramdownloadmedia.com/vi/solutions/,https://telegramdownloadmedia.com/vi/telegram-download-disabled-channel-workaround/,301,true
https://telegramdownloadmedia.com/vi/faq,https://telegramdownloadmedia.com/vi/,301,true
https://telegramdownloadmedia.com/vi/faq/,https://telegramdownloadmedia.com/vi/,301,true
https://telegramdownloadmedia.com/th/features,https://telegramdownloadmedia.com/th/,301,true
https://telegramdownloadmedia.com/th/features/,https://telegramdownloadmedia.com/th/,301,true
https://telegramdownloadmedia.com/th/guide,https://telegramdownloadmedia.com/th/,301,true
https://telegramdownloadmedia.com/th/guide/,https://telegramdownloadmedia.com/th/,301,true
https://telegramdownloadmedia.com/th/solutions,https://telegramdownloadmedia.com/th/telegram-download-disabled-channel-workaround/,301,true
https://telegramdownloadmedia.com/th/solutions/,https://telegramdownloadmedia.com/th/telegram-download-disabled-channel-workaround/,301,true
https://telegramdownloadmedia.com/th/faq,https://telegramdownloadmedia.com/th/,301,true
https://telegramdownloadmedia.com/th/faq/,https://telegramdownloadmedia.com/th/,301,true
https://telegramdownloadmedia.com/id/features,https://telegramdownloadmedia.com/id/,301,true
https://telegramdownloadmedia.com/id/features/,https://telegramdownloadmedia.com/id/,301,true
https://telegramdownloadmedia.com/id/guide,https://telegramdownloadmedia.com/id/,301,true
https://telegramdownloadmedia.com/id/guide/,https://telegramdownloadmedia.com/id/,301,true
https://telegramdownloadmedia.com/id/solutions,https://telegramdownloadmedia.com/id/telegram-download-disabled-channel-workaround/,301,true
https://telegramdownloadmedia.com/id/solutions/,https://telegramdownloadmedia.com/id/telegram-download-disabled-channel-workaround/,301,true
https://telegramdownloadmedia.com/id/faq,https://telegramdownloadmedia.com/id/,301,true
https://telegramdownloadmedia.com/id/faq/,https://telegramdownloadmedia.com/id/,301,true
